{
    "optimal_implicit_weights": {
        "view": 0.15696337996824605,
        "add_to_cart": 0.6497998488397306,
        "wishlist": 0.26033184925146474,
        "purchase": 1.0
    },
    "optimal_hybrid_alpha": 0.8577298709889658,
    "optimal_cold_start_threshold": 2,
    "optimal_frequency_decay_factor": 0.0198196169933067,
    "optimal_final_hybrid_threshold": 0.21708526080899526,
    "optimal_cosine_threshold": 0.226480200348215,
    "optimal_num_similar_items": 100,
    "optimal_top_n_recommendations": 20,
    "best_ndcg": 0.4758393930161398,
    "optimization_timestamp": "20250725_190723"
}