{
    "optimal_implicit_weights": {
        "view": 0.18059985746539542,
        "add_to_cart": 0.453078282016228,
        "wishlist": 0.23193702098816743,
        "purchase": 1.0
    },
    "optimal_hybrid_alpha": 0.8325856592033907,
    "optimal_cold_start_threshold": 13,
    "optimal_frequency_decay_factor": 0.01,
    "optimal_final_hybrid_threshold": 0.169239814958813,
    "optimal_cosine_threshold": 0.09800897720381724,
    "optimal_num_similar_items": 52,
    "optimal_top_n_recommendations": 10,
    "optimal_min_alpha_cold_start": 0.0658357251832505,
    "best_ndcg": 0.44426480359345744,
    "optimization_timestamp": "20250730_175457"
}